{"cameraMode":{"drawMode":0,"name":"Shaded","section":"Shading Mode"},"sceneLighting":false,"audioPlay":false,"sceneViewState":{"showFog":true,"showMaterialUpdate":false,"showSkybox":false,"showFlares":true,"showImageEffects":true,"showParticleSystems":true},"in2DMode":false,"pivot":{"x":-0.7999999523162842,"y":1.440000057220459,"z":16.100000381469728},"rotation":{"x":0.24010255932807923,"y":-0.13490086793899537,"z":0.033714357763528827,"w":0.9607413411140442},"size":2.8578836917877199,"orthographic":false}